title,year,runtime,genre(s),director(s),writer(s),actor(s),rating(s),number of rating(s)
The Shawshank Redemption,1994, 2h 22min,Drama,Frank Darabont ,Stephen King ; Frank Darabont  ,Tim Robbins; Morgan Freeman; Bob Gunton ,9.3,2.213.209
The Godfather,1972, 2h 55min,Crime;Drama,Francis Ford Coppola ,Mario Puzo ; Francis Ford Coppola ,Marlon Brando; Al Pacino; James Caan ,9.2,1.524.702
De peetvader: Deel II,1974, 3h 22min,Crime;Drama,Francis Ford Coppola ,Francis Ford Coppola ; Mario Puzo ,Al Pacino; Robert De Niro; Robert Duvall ,9.0,1.067.844
The Dark Knight,2008, 2h 32min,Action;Crime;Drama,Christopher Nolan ,Jonathan Nolan ; Christopher Nolan ,Christian Bale; Heath Ledger; Aaron Eckhart ,9.0,2.191.013
12 Angry Men,1957, 1h 36min,Drama,Sidney Lumet ,Reginald Rose ; Reginald Rose  ,Henry Fonda; Lee J. Cobb; Martin Balsam ,8.9,646.646
Schindler's List,1993, 3h 15min,Biography;Drama;History,Steven Spielberg ,Thomas Keneally ; Steven Zaillian  ,Liam Neeson; Ralph Fiennes; Ben Kingsley ,8.9,1.153.750
The Lord of the Rings: The Return of the King,2003, 3h 21min,Adventure;Drama;Fantasy,Peter Jackson ,J.R.R. Tolkien ; Fran Walsh ,Elijah Wood; Viggo Mortensen; Ian McKellen ,8.9,1.570.513
Pulp Fiction,1994, 2h 34min,Crime;Drama,Quentin Tarantino ,Quentin Tarantino ; Roger Avary ,John Travolta; Uma Thurman; Samuel L. Jackson ,8.9,1.737.557
"The Good, the Bad and the Ugly",1966, 2h 41min,Western,Sergio Leone ,Luciano Vincenzoni ; Sergio Leone ,Clint Eastwood; Eli Wallach; Lee Van Cleef ,8.8,655.495
The Lord of the Rings: The Fellowship of the Ring,2001, 2h 58min,Action;Adventure;Drama,Peter Jackson ,J.R.R. Tolkien ; Fran Walsh ,Elijah Wood; Ian McKellen; Orlando Bloom ,8.8,1.582.829
Fight Club,1999, 2h 19min,Drama,David Fincher ,Chuck Palahniuk ; Jim Uhls  ,Brad Pitt; Edward Norton; Meat Loaf ,8.8,1.765.759
Forrest Gump,1994, 2h 22min,Drama;Romance,Robert Zemeckis ,Winston Groom ; Eric Roth  ,Tom Hanks; Robin Wright; Gary Sinise ,8.8,1.707.850
Inception,2010, 2h 28min,Action;Adventure;Sci-Fi,Christopher Nolan ,hristopher Nolan ,Leonardo DiCaprio; Joseph Gordon-Levitt; Ellen Page ,8.8,1.940.481
Star Wars: Episode V - The Empire Strikes Back,1980, 2h 4min,Action;Adventure;Fantasy,Irvin Kershner ,Leigh Brackett ; Lawrence Kasdan ,Mark Hamill; Harrison Ford; Carrie Fisher ,8.7,1.108.382
The Lord of the Rings: The Two Towers,2002, 2h 59min,Adventure;Drama;Fantasy,Peter Jackson ,J.R.R. Tolkien ; Fran Walsh ,Elijah Wood; Ian McKellen; Viggo Mortensen ,8.7,1.418.217
The Matrix,1999, 2h 16min,Action;Sci-Fi,"
Lana Wachowski (as The Wachowski Brothers); Lilly Wachowski (as The Wachowski Brothers)    ",Lilly Wachowski ; Lana Wachowski  ,Keanu Reeves; Laurence Fishburne; Carrie-Anne Moss ,8.7,1.591.847
Goodfellas,1990, 2h 26min,Biography;Crime;Drama,Martin Scorsese ,Nicholas Pileggi ; Nicholas Pileggi ,Robert De Niro; Ray Liotta; Joe Pesci ,8.7,963.537
One Flew Over the Cuckoo's Nest,1975, 2h 13min,Drama,Milos Forman ,Lawrence Hauben ; Bo Goldman ,Jack Nicholson; Louise Fletcher; Will Sampson ,8.7,871.403
Shichinin no samurai,1954, 3h 27min,Action;Adventure;Drama,Akira Kurosawa ,Akira Kurosawa ; Shinobu Hashimoto ,Toshirô Mifune; Takashi Shimura; Keiko Tsushima ,8.6,299.519
Seven,1995, 2h 7min,Crime;Drama;Mystery,David Fincher ,ndrew Kevin Walker ,Morgan Freeman; Brad Pitt; Kevin Spacey ,8.6,1.363.297
Cidade de Deus,2002, 2h 10min,Crime;Drama,"
Fernando Meirelles; Kátia Lund (co-director)    ",Paulo Lins ; Bráulio Mantovani  ,Alexandre Rodrigues; Leandro Firmino; Matheus Nachtergaele ,8.6,672.116
Het leven is mooi,1997, 1h 56min,Comedy;Drama;Romance,Roberto Benigni ,Vincenzo Cerami ; Roberto Benigni  ,Roberto Benigni; Nicoletta Braschi; Giorgio Cantarini ,8.6,587.760
The Silence of the Lambs,1991, 1h 58min,Crime;Drama;Thriller,Jonathan Demme ,Thomas Harris ; Ted Tally  ,Jodie Foster; Anthony Hopkins; Lawrence A. Bonney ,8.6,1.200.552
It's a Wonderful Life,1946, 2h 10min,Drama;Family;Fantasy,Frank Capra ,Frances Goodrich ; Albert Hackett ,James Stewart; Donna Reed; Lionel Barrymore ,8.6,379.180
Star Wars: Episode IV - A New Hope,1977, 2h 1min,Action;Adventure;Fantasy,George Lucas ,eorge Lucas ,Mark Hamill; Harrison Ford; Carrie Fisher ,8.6,1.180.364
Gisaengchung,2019, 2h 12min,Comedy;Drama;Thriller,Bong Joon Ho ,Bong Joon Ho ; Bong Joon Ho ,Kang-ho Song; Sun-kyun Lee; Yeo-jeong Jo ,8.6,350.025
Saving Private Ryan,1998, 2h 49min,Drama;War,Steven Spielberg ,obert Rodat ,Tom Hanks; Matt Damon; Tom Sizemore ,8.6,1.173.164
Spirited Away,2001, 2h 5min,Animation;Adventure;Family,Hayao Miyazaki ,ayao Miyazaki ,Daveigh Chase; Suzanne Pleshette; Miyu Irino ,8.6,599.997
The Green Mile,1999, 3h 9min,Crime;Drama;Fantasy,Frank Darabont ,Stephen King ; Frank Darabont  ,Tom Hanks; Michael Clarke Duncan; David Morse ,8.6,1.080.065
Interstellar,2014, 2h 49min,Adventure;Drama;Sci-Fi,Christopher Nolan ,Jonathan Nolan; Christopher Nolan ,Matthew McConaughey; Anne Hathaway; Jessica Chastain ,8.6,1.393.077
Léon,1994, 1h 50min,Action;Crime;Drama,Luc Besson ,uc Besson ,Jean Reno; Gary Oldman; Natalie Portman ,8.5,980.893
The Usual Suspects,1995, 1h 46min,Crime;Mystery;Thriller,Bryan Singer ,hristopher McQuarrie ,Kevin Spacey; Gabriel Byrne; Chazz Palminteri ,8.5,947.087
Seppuku,1962, 2h 13min,Action;Drama;History,Masaki Kobayashi ,Yasuhiko Takiguchi ; Shinobu Hashimoto  ,Tatsuya Nakadai; Akira Ishihama; Shima Iwashita ,8.7,31.973
The Lion King,1994, 1h 28min,Animation;Adventure;Drama,"
Roger Allers; Rob Minkoff ",Irene Mecchi ; Jonathan Roberts ,Matthew Broderick; Jeremy Irons; James Earl Jones ,8.5,894.676
American History X,1998, 1h 59min,Drama,Tony Kaye ,avid McKenna ,Edward Norton; Edward Furlong; Beverly D'Angelo ,8.5,993.621
Terminator 2: Judgment Day,1991, 2h 17min,Action;Sci-Fi,James Cameron ,James Cameron; William Wisher ,Arnold Schwarzenegger; Linda Hamilton; Edward Furlong ,8.5,955.159
The Pianist,2002, 2h 30min,Biography;Drama;Music,Roman Polanski ,Ronald Harwood ; Wladyslaw Szpilman (book) ,Adrien Brody; Thomas Kretschmann; Frank Finlay ,8.5,685.663
Back to the Future,1985, 1h 56min,Adventure;Comedy;Sci-Fi,Robert Zemeckis ,Robert Zemeckis; Bob Gale ,Michael J. Fox; Christopher Lloyd; Lea Thompson ,8.5,989.859
Modern Times,1936, 1h 27min,Comedy;Drama;Family,Charles Chaplin (as Charlie Chaplin)    ,harles Chaplin  ,Charles Chaplin; Paulette Goddard; Henry Bergman ,8.5,204.048
Psycho,1960, 1h 49min,Horror;Mystery;Thriller,Alfred Hitchcock ,Joseph Stefano ; Robert Bloch (based on the novel by) ,Anthony Perkins; Janet Leigh; Vera Miles ,8.5,568.983
Gladiator,2000, 2h 35min,Action;Adventure;Drama,Ridley Scott ,David Franzoni ; David Franzoni ,Russell Crowe; Joaquin Phoenix; Connie Nielsen ,8.5,1.276.386
City Lights,1931, 1h 27min,Comedy;Drama;Romance,Charles Chaplin ,harles Chaplin ,Charles Chaplin; Virginia Cherrill; Florence Lee ,8.5,157.058
The Intouchables,2011, 1h 52min,Biography;Comedy;Drama,"
Olivier Nakache; Éric Toledano ",Olivier Nakache; Philippe Pozzo di Borgo ,François Cluzet; Omar Sy; Anne Le Ny ,8.5,717.374
The Departed,2006, 2h 31min,Crime;Drama;Thriller,Martin Scorsese ,William Monahan ; Alan Mak ,Leonardo DiCaprio; Matt Damon; Jack Nicholson ,8.5,1.130.856
Whiplash,2014, 1h 46min,Drama;Music,Damien Chazelle ,amien Chazelle ,Miles Teller; J.K. Simmons; Melissa Benoist ,8.5,665.872
The Prestige,2006, 2h 10min,Drama;Mystery;Sci-Fi,Christopher Nolan ,Jonathan Nolan ; Christopher Nolan ,Christian Bale; Hugh Jackman; Scarlett Johansson ,8.5,1.122.259
Once Upon a Time in the West,1968, 2h 45min,Western,Sergio Leone ,Sergio Donati ; Sergio Leone ,Henry Fonda; Charles Bronson; Claudia Cardinale ,8.5,286.607
Hotaru no haka,1988, 1h 29min,Animation;Drama;War,Isao Takahata ,Akiyuki Nosaka ; Isao Takahata ,Tsutomu Tatsumi; Ayano Shiraishi; Akemi Yamaguchi ,8.5,214.768
Joker,2019, 2h 2min,Crime;Drama;Thriller,Todd Phillips ,Todd Phillips; Scott Silver ,Joaquin Phoenix; Robert De Niro; Zazie Beetz ,8.5,741.484
Casablanca,1942, 1h 42min,Drama;Romance;War,Michael Curtiz ,Julius J. Epstein ; Philip G. Epstein ,Humphrey Bogart; Ingrid Bergman; Paul Henreid ,8.5,498.001
Rear Window,1954, 1h 52min,Mystery;Thriller,Alfred Hitchcock ,John Michael Hayes ; Cornell Woolrich (based on the short story by) ,James Stewart; Grace Kelly; Wendell Corey ,8.4,420.506
Nuovo Cinema Paradiso,1988, 2h 35min,Drama,Giuseppe Tornatore ,Giuseppe Tornatore ; Giuseppe Tornatore ,Philippe Noiret; Enzo Cannavale; Antonella Attili ,8.5,214.652
Alien,1979, 1h 57min,Horror;Sci-Fi,Ridley Scott ,Dan O'Bannon ; Dan O'Bannon (story by),Sigourney Weaver; Tom Skerritt; John Hurt ,8.4,749.850
Apocalypse Now,1979, 2h 27min,Drama;Mystery;War,Francis Ford Coppola (as Francis Coppola)    ,John Milius; Francis Ford Coppola ,Martin Sheen; Marlon Brando; Robert Duvall ,8.4,576.190
Indiana Jones and the Raiders of the Lost Ark,1981, 1h 55min,Action;Adventure,Steven Spielberg ,Lawrence Kasdan ; George Lucas (story by),Harrison Ford; Karen Allen; Paul Freeman ,8.4,846.666
Memento,2000, 1h 53min,Mystery;Thriller,Christopher Nolan ,"Christopher Nolan ; Jonathan Nolan (short story ""Memento Mori"") ",Guy Pearce; Carrie-Anne Moss; Joe Pantoliano ,8.4,1.073.651
De dictator,1940, 2h 5min,Comedy;Drama;War,Charles Chaplin ,harles Chaplin ,Charles Chaplin; Paulette Goddard; Jack Oakie ,8.4,191.431
Das Leben der Anderen,2006, 2h 17min,Drama;Mystery;Thriller,Florian Henckel von Donnersmarck ,lorian Henckel von Donnersmarck ,Ulrich Mühe; Martina Gedeck; Sebastian Koch ,8.4,340.340
Django Unchained,2012, 2h 45min,Drama;Western,Quentin Tarantino ,uentin Tarantino ,Jamie Foxx; Christoph Waltz; Leonardo DiCaprio ,8.4,1.281.111
Paths of Glory,1957, 1h 28min,Drama;War,Stanley Kubrick ,Stanley Kubrick ; Calder Willingham ,Kirk Douglas; Ralph Meeker; Adolphe Menjou ,8.4,166.520
Avengers: Infinity War,2018, 2h 29min,Action;Adventure;Sci-Fi,"
Anthony Russo; Joe Russo ",Christopher Markus ; Stephen McFeely ,Robert Downey Jr.; Chris Hemsworth; Mark Ruffalo ,8.5,759.266
The Shining,1980, 2h 26min,Drama;Horror,Stanley Kubrick ,Stephen King ; Stanley Kubrick ,Jack Nicholson; Shelley Duvall; Danny Lloyd ,8.4,843.199
WALL·E,2008, 1h 38min,Animation;Adventure;Family,Andrew Stanton ,Andrew Stanton ; Pete Docter ,Ben Burtt; Elissa Knight; Jeff Garlin ,8.4,952.825
Sunset Boulevard,1950, 1h 50min,Drama;Film-Noir,Billy Wilder ,Charles Brackett; Billy Wilder ,William Holden; Gloria Swanson; Erich von Stroheim ,8.4,189.515
Spider-Man: Een nieuw universum,2018, 1h 57min,Animation;Action;Adventure,"
Bob Persichetti; Peter Ramsey |
1 more credit »
    ",Phil Lord ; Rodney Rothman ,Shameik Moore; Jake Johnson; Hailee Steinfeld ,8.4,306.627
Mononoke-hime,1997, 2h 14min,Animation;Adventure;Fantasy,Hayao Miyazaki ,Hayao Miyazaki; Neil Gaiman  ,Yôji Matsuda; Yuriko Ishida; Yûko Tanaka ,8.4,316.421
Dr. Strangelove or: How I Learned to Stop Worrying and Love the Bomb,1964, 1h 35min,Comedy,Stanley Kubrick ,Stanley Kubrick ; Terry Southern ,Peter Sellers; George C. Scott; Sterling Hayden ,8.4,431.765
Oldeuboi,2003, 2h     ,Action;Drama;Mystery,Chan-wook Park ,Garon Tsuchiya ; Nobuaki Minegishi (comic),Min-sik Choi; Ji-Tae Yoo; Hye-jeong Kang ,8.4,486.146
Witness for the Prosecution,1957, 1h 56min,Crime;Drama;Film-Noir,Billy Wilder ,Agatha Christie ; Billy Wilder (screen play),Tyrone Power; Marlene Dietrich; Charles Laughton ,8.4,99.882
Avengers: Endgame,2019, 3h 1min,Action;Adventure;Drama,"
Anthony Russo; Joe Russo ",Christopher Markus ; Stephen McFeely ,Robert Downey Jr.; Chris Evans; Mark Ruffalo ,8.4,690.898
The Dark Knight Rises,2012, 2h 44min,Action;Adventure,Christopher Nolan ,Jonathan Nolan ; Christopher Nolan ,Christian Bale; Tom Hardy; Anne Hathaway ,8.4,1.449.800
Once Upon a Time in America,1984, 3h 49min,Crime;Drama,Sergio Leone ,Harry Grey ; Leonardo Benvenuti ,Robert De Niro; James Woods; Elizabeth McGovern ,8.4,293.589
Aliens,1986, 2h 17min,Action;Adventure;Sci-Fi,James Cameron ,James Cameron ; David Giler ,Sigourney Weaver; Michael Biehn; Carrie Henn ,8.3,626.050
Kimi no na wa.,2016, 1h 46min,Animation;Drama;Fantasy,Makoto Shinkai ,Makoto Shinkai ; Makoto Shinkai ,Ryûnosuke Kamiki; Mone Kamishiraishi; Ryô Narita ,8.4,162.779
1917,2019, 1h 59min,Drama;War,Sam Mendes ,Sam Mendes; Krysty Wilson-Cairns ,Dean-Charles Chapman; George MacKay; Daniel Mays ,8.4,265.125
Coco,2017, 1h 45min,Animation;Adventure;Family,"
Lee Unkrich; Adrian Molina (co-director)    ",Lee Unkrich ; Jason Katz ,Anthony Gonzalez; Gael García Bernal; Benjamin Bratt ,8.4,328.909
American Beauty,1999, 2h 2min,Drama,Sam Mendes ,lan Ball ,Kevin Spacey; Annette Bening; Thora Birch ,8.3,1.029.101
Braveheart,1995, 2h 58min,Biography;Drama;History,Mel Gibson ,andall Wallace ,Mel Gibson; Sophie Marceau; Patrick McGoohan ,8.3,925.115
Das Boot,1981, 2h 29min,Adventure;Drama;Thriller,Wolfgang Petersen ,Wolfgang Petersen ; Lothar G. Buchheim (novel) ,Jürgen Prochnow; Herbert Grönemeyer; Klaus Wennemann ,8.3,220.658
3 Idiots,2009, 2h 50min,Comedy;Drama,Rajkumar Hirani ,Rajkumar Hirani ; Abhijat Joshi ,Aamir Khan; Madhavan; Mona Singh ,8.4,319.970
Toy Story,1995, 1h 21min,Animation;Adventure;Comedy,John Lasseter ,John Lasseter ; Pete Docter ,Tom Hanks; Tim Allen; Don Rickles ,8.3,843.947
Tengoku to jigoku,1963, 2h 23min,Crime;Drama;Mystery,Akira Kurosawa ,Hideo Oguni ; Ryûzô Kikushima ,Toshirô Mifune; Yutaka Sada; Tatsuya Nakadai ,8.5,27.343
Taare Zameen Par,2007, 2h 45min,Drama;Family,"
Aamir Khan; Amole Gupte (uncredited)    ",Amole Gupte ; Amole Gupte (story) ,Darsheel Safary; Aamir Khan; Tisca Chopra ,8.4,154.017
Star Wars: Episode VI - Return of the Jedi,1983, 2h 11min,Action;Adventure;Fantasy,Richard Marquand ,Lawrence Kasdan ; George Lucas ,Mark Hamill; Harrison Ford; Carrie Fisher ,8.3,908.768
Amadeus,1984, 2h 40min,Biography;Drama;History,Milos Forman ,Peter Shaffer ; Peter Shaffer (original screenplay) ,F. Murray Abraham; Tom Hulce; Elizabeth Berridge ,8.3,352.880
Reservoir Dogs,1992, 1h 39min,Crime;Drama;Thriller,Quentin Tarantino ,Quentin Tarantino; Quentin Tarantino ,Harvey Keitel; Tim Roth; Michael Madsen ,8.3,875.066
Inglourious Basterds,2009, 2h 33min,Adventure;Drama;War,Quentin Tarantino ,uentin Tarantino ,Brad Pitt; Diane Kruger; Eli Roth ,8.3,1.194.823
Good Will Hunting,1997, 2h 6min,Drama;Romance,Gus Van Sant ,Matt Damon; Ben Affleck ,Robin Williams; Matt Damon; Ben Affleck ,8.3,813.006
2001: A Space Odyssey,1968, 2h 29min,Adventure;Sci-Fi,Stanley Kubrick ,Stanley Kubrick ; Arthur C. Clarke  ,Keir Dullea; Gary Lockwood; William Sylvester ,8.3,572.087
Requiem for a Dream,2000, 1h 42min,Drama,Darren Aronofsky ,Hubert Selby Jr. ; Hubert Selby Jr. ,Ellen Burstyn; Jared Leto; Jennifer Connelly ,8.3,731.857
Vertigo,1958, 2h 8min,Mystery;Romance;Thriller,Alfred Hitchcock ,Alec Coppel ; Samuel A. Taylor  (as Samuel Taylor),James Stewart; Kim Novak; Barbara Bel Geddes ,8.3,340.121
M - Eine Stadt sucht einen Mörder,1931, 1h 57min,Crime;Mystery;Thriller,Fritz Lang ,Thea von Harbou ; Fritz Lang  ,Peter Lorre; Ellen Widmann; Inge Landgut ,8.3,135.135
Dangal,2016, 2h 41min,Action;Biography;Drama,Nitesh Tiwari ,Piyush Gupta; Shreyas Jain ,Aamir Khan; Sakshi Tanwar; Fatima Sana Shaikh ,8.4,138.382
Eternal Sunshine of the Spotless Mind,2004, 1h 48min,Drama;Romance;Sci-Fi,Michel Gondry ,Charlie Kaufman ; Michel Gondry ,Jim Carrey; Kate Winslet; Tom Wilkinson ,8.3,865.809
Citizen Kane,1941, 1h 59min,Drama;Mystery,Orson Welles ,Herman J. Mankiewicz ; Orson Welles  ,Orson Welles; Joseph Cotten; Dorothy Comingore ,8.3,379.696
Jagten,2012, 1h 55min,Drama,Thomas Vinterberg ,Tobias Lindholm ; Thomas Vinterberg  ,Mads Mikkelsen; Thomas Bo Larsen; Annika Wedderkopp ,8.3,259.582
Full Metal Jacket,1987, 1h 56min,Drama;War,Stanley Kubrick ,Stanley Kubrick ; Michael Herr ,Matthew Modine; R. Lee Ermey; Vincent D'Onofrio ,8.3,641.856
North by Northwest,1959, 2h 16min,Adventure;Mystery;Thriller,Alfred Hitchcock ,rnest Lehman ,Cary Grant; Eva Marie Saint; James Mason ,8.3,284.396
A Clockwork Orange,1971, 2h 16min,Crime;Drama;Sci-Fi,Stanley Kubrick ,Stanley Kubrick ; Anthony Burgess (novel) ,Malcolm McDowell; Patrick Magee; Michael Bates ,8.3,723.349
Snatch,2000, 1h 44min,Comedy;Crime,Guy Ritchie ,uy Ritchie ,Jason Statham; Brad Pitt; Benicio Del Toro ,8.3,750.369
The Kid,1921, 1h 8min,Comedy;Drama;Family,Charles Chaplin (as Charlie Chaplin)    ,harles Chaplin  ,Charles Chaplin; Edna Purviance; Jackie Coogan ,8.3,104.907
Ladri di biciclette,1948, 1h 29min,Drama,Vittorio De Sica ,Cesare Zavattini ; Luigi Bartolini (novel),Lamberto Maggiorani; Enzo Staiola; Lianella Carell ,8.3,136.137
Capharnaüm,2018, 2h 6min,Drama,Nadine Labaki ,Nadine Labaki ; Jihad Hojeily ,Zain Al Rafeea; Yordanos Shiferaw; Boluwatife Treasure Bankole ,8.4,42.131
Singin' in the Rain,1952, 1h 43min,Comedy;Musical;Romance,"
Stanley Donen; Gene Kelly ",Betty Comden ; Adolph Green  ,Gene Kelly; Donald O'Connor; Debbie Reynolds ,8.3,207.363
Scarface,1983, 2h 50min,Crime;Drama,Brian De Palma ,liver Stone  ,Al Pacino; Michelle Pfeiffer; Steven Bauer ,8.3,701.148
Taxi Driver,1976, 1h 54min,Crime;Drama,Martin Scorsese ,aul Schrader ,Robert De Niro; Jodie Foster; Cybill Shepherd ,8.3,681.860
Amélie,2001, 2h 2min,Comedy;Romance,Jean-Pierre Jeunet ,Guillaume Laurant ; Jean-Pierre Jeunet ,Audrey Tautou; Mathieu Kassovitz; Rufus ,8.3,677.441
Lawrence of Arabia,1962, 3h 48min,Adventure;Biography;Drama,David Lean ,T.E. Lawrence ; Robert Bolt ,Peter O'Toole; Alec Guinness; Anthony Quinn ,8.3,254.507
The Sting,1973, 2h 9min,Comedy;Crime;Drama,George Roy Hill ,avid S. Ward ,Paul Newman; Robert Redford; Robert Shaw ,8.3,230.574
Toy Story 3,2010, 1h 43min,Animation;Adventure;Comedy,Lee Unkrich ,John Lasseter ; Andrew Stanton ,Tom Hanks; Tim Allen; Joan Cusack ,8.3,723.886
Metropolis,1927, 2h 33min,Drama;Sci-Fi,Fritz Lang ,Thea von Harbou ; Thea von Harbou (novel) ,Brigitte Helm; Alfred Abel; Gustav Fröhlich ,8.3,151.895
For a Few Dollars More,1965, 2h 12min,Western,Sergio Leone ,Sergio Leone ; Fulvio Morsella ,Clint Eastwood; Lee Van Cleef; Gian Maria Volontè ,8.3,219.060
Ikiru,1952, 2h 23min,Drama,Akira Kurosawa ,Akira Kurosawa; Shinobu Hashimoto ,Takashi Shimura; Nobuo Kaneko; Shin'ichi Himori ,8.3,62.529
A Separation,2011, 2h 3min,Drama,Asghar Farhadi ,sghar Farhadi ,Payman Maadi; Leila Hatami; Sareh Bayat ,8.3,208.315
Double Indemnity,1944, 1h 47min,Crime;Drama;Film-Noir,Billy Wilder ,Billy Wilder ; Raymond Chandler ,Fred MacMurray; Barbara Stanwyck; Edward G. Robinson ,8.3,135.290
The Apartment,1960, 2h 5min,Comedy;Drama;Romance,Billy Wilder ,Billy Wilder; I.A.L. Diamond ,Jack Lemmon; Shirley MacLaine; Fred MacMurray ,8.3,153.549
To Kill a Mockingbird,1962, 2h 9min,Crime;Drama,Robert Mulligan ,Harper Lee ; Horton Foote  ,Gregory Peck; John Megna; Frank Overton ,8.2,283.181
Incendies,2010, 2h 11min,Drama;Mystery;War,Denis Villeneuve ,Denis Villeneuve ; Wajdi Mouawad (play),Lubna Azabal; Mélissa Désormeaux-Poulin; Maxim Gaudette ,8.3,134.818
Indiana Jones and the Last Crusade,1989, 2h 7min,Action;Adventure,Steven Spielberg ,Jeffrey Boam ; George Lucas (story),Harrison Ford; Sean Connery; Alison Doody ,8.2,662.043
Up,2009, 1h 36min,Animation;Adventure;Comedy,"
Pete Docter; Bob Peterson (co-director)    ",Pete Docter ; Bob Peterson ,Edward Asner; Jordan Nagai; John Ratzenberger ,8.2,890.354
L.A. Confidential,1997, 2h 18min,Crime;Drama;Mystery,Curtis Hanson ,James Ellroy ; Brian Helgeland ,Kevin Spacey; Russell Crowe; Guy Pearce ,8.2,511.545
Monty Python and the Holy Grail,1975, 1h 31min,Adventure;Comedy;Fantasy,"
Terry Gilliam; Terry Jones ",Graham Chapman; John Cleese ,Graham Chapman; John Cleese; Eric Idle ,8.2,481.693
Heat,1995, 2h 50min,Crime;Drama;Thriller,Michael Mann ,ichael Mann ,Al Pacino; Robert De Niro; Val Kilmer ,8.2,548.210
Die Hard,1988, 2h 12min,Action;Thriller,John McTiernan ,Roderick Thorp ; Jeb Stuart ,Bruce Willis; Alan Rickman; Bonnie Bedelia ,8.2,753.427
Rashômon,1950, 1h 28min,Crime;Drama;Mystery,Akira Kurosawa ,Ryûnosuke Akutagawa ; Akira Kurosawa ,Toshirô Mifune; Machiko Kyô; Masayuki Mori ,8.2,143.266
Yôjinbô,1961, 1h 50min,Action;Drama;Thriller,Akira Kurosawa ,Akira Kurosawa ; Akira Kurosawa ,Toshirô Mifune; Eijirô Tôno; Tatsuya Nakadai ,8.2,103.788
Batman Begins,2005, 2h 20min,Action;Adventure,Christopher Nolan ,Bob Kane ; David S. Goyer (story),Christian Bale; Michael Caine; Ken Watanabe ,8.2,1.250.593
Green Book,2018, 2h 10min,Biography;Comedy;Drama,Peter Farrelly ,Nick Vallelonga; Brian Hayes Currie ,Viggo Mortensen; Mahershala Ali; Linda Cardellini ,8.2,306.534
Der Untergang,2004, 2h 36min,Biography;Drama;History,Oliver Hirschbiegel ,Bernd Eichinger ; Joachim Fest (book),Bruno Ganz; Alexandra Maria Lara; Ulrich Matthes ,8.2,317.773
Unforgiven,1992, 2h 10min,Drama;Western,Clint Eastwood ,avid Webb Peoples ,Clint Eastwood; Gene Hackman; Morgan Freeman ,8.2,357.664
Bacheha-Ye aseman,1997, 1h 29min,Drama;Family;Sport,Majid Majidi ,ajid Majidi ,Mohammad Amir Naji; Amir Farrokh Hashemian; Bahare Seddiqi ,8.3,59.044
Idi i smotri,1985, 2h 22min,Drama;War,Elem Klimov (as E. Klimov)    ,Ales Adamovich  (as A. Adamovich); Ales Adamovich  (as A. Adamovich),Aleksey Kravchenko; Olga Mironova; Liubomiras Laucevicius ,8.3,49.084
Some Like It Hot,1959, 2h 1min,Comedy;Music;Romance,Billy Wilder ,Billy Wilder ; I.A.L. Diamond ,Marilyn Monroe; Tony Curtis; Jack Lemmon ,8.2,231.916
Hauru no ugoku shiro,2004, 1h 59min,Animation;Adventure;Family,Hayao Miyazaki ,Hayao Miyazaki ; Diana Wynne Jones (novel) (as Daiana Win Jônzu) ,Chieko Baishô; Takuya Kimura; Tatsuya Gashûin ,8.2,301.651
Ran,1985, 2h 42min,Action;Drama;War,Akira Kurosawa ,Akira Kurosawa ; Hideo Oguni ,Tatsuya Nakadai; Akira Terao; Jinpachi Nezu ,8.2,104.853
The Great Escape,1963, 2h 52min,Adventure;Drama;History,John Sturges ,Paul Brickhill ; James Clavell ,Steve McQueen; James Garner; Richard Attenborough ,8.2,214.117
All About Eve,1950, 2h 18min,Drama,Joseph L. Mankiewicz ,oseph L. Mankiewicz  ,Bette Davis; Anne Baxter; George Sanders ,8.2,114.547
A Beautiful Mind,2001, 2h 15min,Biography;Drama,Ron Howard ,Akiva Goldsman; Sylvia Nasar  ,Russell Crowe; Ed Harris; Jennifer Connelly ,8.2,808.321
Casino,1995, 2h 58min,Crime;Drama,Martin Scorsese ,Nicholas Pileggi ; Nicholas Pileggi ,Robert De Niro; Sharon Stone; Joe Pesci ,8.2,438.863
Pan's Labyrinth,2006, 1h 58min,Drama;Fantasy;War,Guillermo del Toro ,uillermo del Toro ,Ivana Baquero; Ariadna Gil; Sergi López ,8.2,594.690
Tonari no Totoro,1988, 1h 26min,Animation;Family;Fantasy,Hayao Miyazaki ,ayao Miyazaki ,Hitoshi Takagi; Noriko Hidaka; Chika Sakamoto ,8.2,263.116
El secreto de sus ojos,2009, 2h 9min,Drama;Mystery;Romance,Juan José Campanella ,Eduardo Sacheri ; Juan José Campanella ,Ricardo Darín; Soledad Villamil; Pablo Rago ,8.2,181.891
Raging Bull,1980, 2h 9min,Biography;Drama;Sport,Martin Scorsese ,Jake LaMotta  (as Jake La Motta); Joseph Carter (with),Robert De Niro; Cathy Moriarty; Joe Pesci ,8.2,305.379
"Lock, Stock and Two Smoking Barrels",1998, 1h 47min,Comedy;Crime,Guy Ritchie ,uy Ritchie ,Jason Flemyng; Dexter Fletcher; Nick Moran ,8.2,513.180
The Wolf of Wall Street,2013, 3h     ,Biography;Crime;Drama,Martin Scorsese ,Terence Winter ; Jordan Belfort (book) ,Leonardo DiCaprio; Jonah Hill; Margot Robbie ,8.2,1.102.090
The Treasure of the Sierra Madre,1948, 2h 6min,Adventure;Drama;Western,John Huston ,John Huston ; B. Traven (based on the novel by) ,Humphrey Bogart; Walter Huston; Tim Holt ,8.2,108.386
Oordeel te Neurenberg,1961, 2h 59min,Drama;War,Stanley Kramer ,Abby Mann; Abby Mann  ,Spencer Tracy; Burt Lancaster; Richard Widmark ,8.2,65.222
There Will Be Blood,2007, 2h 38min,Drama,Paul Thomas Anderson ,Paul Thomas Anderson ; Upton Sinclair (novel) ,Daniel Day-Lewis; Paul Dano; Ciarán Hinds ,8.2,488.019
"Three Billboards Outside Ebbing, Missouri",2017, 1h 55min,Comedy;Crime;Drama,Martin McDonagh ,artin McDonagh ,Frances McDormand; Woody Harrelson; Sam Rockwell ,8.2,390.337
Babam ve Oglum,2005, 1h 48min,Drama;Family,Çagan Irmak ,agan Irmak ,Çetin Tekindor; Fikret Kuskan; Hümeyra ,8.3,73.225
The Gold Rush,1925, 1h 35min,Adventure;Comedy;Drama,Charles Chaplin ,harles Chaplin ,Charles Chaplin; Mack Swain; Tom Murray ,8.2,94.175
Chinatown,1974, 2h 10min,Drama;Mystery;Thriller,Roman Polanski ,obert Towne ,Jack Nicholson; Faye Dunaway; John Huston ,8.2,278.843
Dial M for Murder,1954, 1h 45min,Crime;Thriller,Alfred Hitchcock ,Frederick Knott ; Frederick Knott (as adapted from his play) ,Ray Milland; Grace Kelly; Robert Cummings ,8.2,148.075
V for Vendetta,2005, 2h 12min,Action;Drama;Sci-Fi,James McTeigue ,Lilly Wachowski  (as The Wachowski Brothers); Lana Wachowski  (as The Wachowski Brothers),Hugo Weaving; Natalie Portman; Rupert Graves ,8.2,988.261
Det sjunde inseglet,1957, 1h 36min,Drama;Fantasy,Ingmar Bergman ,Ingmar Bergman ; Ingmar Bergman (screen) ,Max von Sydow; Gunnar Björnstrand; Bengt Ekerot ,8.2,152.969
Inside Out,2015, 1h 35min,Animation;Adventure;Comedy,"
Pete Docter; Ronnie Del Carmen (co-director)    ",Pete Docter ; Ronnie Del Carmen ,Amy Poehler; Bill Hader; Lewis Black ,8.2,573.964
No Country for Old Men,2007, 2h 2min,Crime;Drama;Thriller,"
Ethan Coen; Joel Coen ",Joel Coen ; Ethan Coen ,Tommy Lee Jones; Javier Bardem; Josh Brolin ,8.1,806.808
Warrior,2011, 2h 20min,Drama;Sport,Gavin O'Connor ,Gavin O'Connor ; Anthony Tambakis ,Tom Hardy; Nick Nolte; Joel Edgerton ,8.2,418.681
Trainspotting,1996, 1h 33min,Drama,Danny Boyle ,Irvine Welsh ; John Hodge  ,Ewan McGregor; Ewen Bremner; Jonny Lee Miller ,8.1,612.091
Shutter Island,2010, 2h 18min,Mystery;Thriller,Martin Scorsese ,Laeta Kalogridis ; Dennis Lehane (novel) ,Leonardo DiCaprio; Emily Mortimer; Mark Ruffalo ,8.1,1.064.027
The Elephant Man,1980, 2h 4min,Biography;Drama,David Lynch ,Christopher De Vore ; Eric Bergren ,Anthony Hopkins; John Hurt; Anne Bancroft ,8.1,208.783
The Sixth Sense,1999, 1h 47min,Drama;Mystery;Thriller,M. Night Shyamalan ,. Night Shyamalan ,Bruce Willis; Haley Joel Osment; Toni Collette ,8.1,877.088
The Thing,1982, 1h 49min,Horror;Mystery;Sci-Fi,John Carpenter ,Bill Lancaster ; John W. Campbell Jr. (story) ,Kurt Russell; Wilford Brimley; Keith David ,8.1,350.341
Room,2015, 1h 58min,Drama;Thriller,Lenny Abrahamson ,Emma Donoghue ; Emma Donoghue (based on the novel by) ,Brie Larson; Jacob Tremblay; Sean Bridgers ,8.1,342.415
Gone with the Wind,1939, 3h 58min,Drama;History;Romance,"
Victor Fleming; George Cukor (uncredited)            |
1 more credit »
    ",Margaret Mitchell ; Sidney Howard  ,Clark Gable; Vivien Leigh; Thomas Mitchell ,8.1,275.602
Jurassic Park,1993, 2h 7min,Action;Adventure;Sci-Fi,Steven Spielberg ,Michael Crichton ; Michael Crichton ,Sam Neill; Laura Dern; Jeff Goldblum ,8.1,821.180
The Bridge on the River Kwai,1957, 2h 41min,Adventure;Drama;War,David Lean ,Pierre Boulle ; Carl Foreman ,William Holden; Alec Guinness; Jack Hawkins ,8.1,194.002
Blade Runner,1982, 1h 57min,Action;Sci-Fi;Thriller,Ridley Scott ,Hampton Fancher ; David Webb Peoples  (as David Peoples),Harrison Ford; Rutger Hauer; Sean Young ,8.1,661.444
Smultronstället,1957, 1h 31min,Drama;Romance,Ingmar Bergman ,ngmar Bergman ,Victor Sjöström; Bibi Andersson; Ingrid Thulin ,8.2,89.280
Finding Nemo,2003, 1h 40min,Animation;Adventure;Comedy,"
Andrew Stanton; Lee Unkrich (co-director)    ",Andrew Stanton ; Andrew Stanton (screenplay by),Albert Brooks; Ellen DeGeneres; Alexander Gould ,8.1,908.948
The Third Man,1949, 1h 44min,Film-Noir;Mystery;Thriller,Carol Reed ,Graham Greene ; Graham Greene (screen play) ,Orson Welles; Joseph Cotten; Alida Valli ,8.1,151.541
On the Waterfront,1954, 1h 48min,Crime;Drama;Thriller,Elia Kazan ,Budd Schulberg ; Budd Schulberg (based upon an original story by),Marlon Brando; Karl Malden; Lee J. Cobb ,8.1,134.656
Fargo,1996, 1h 38min,Crime;Drama;Thriller,"
Joel Coen; Ethan Coen (uncredited)    ",Ethan Coen; Joel Coen ,William H. Macy; Frances McDormand; Steve Buscemi ,8.1,587.065
Stalker,1979, 2h 42min,Drama;Sci-Fi,Andrei Tarkovsky ,Arkadiy Strugatskiy ; Boris Strugatskiy ,Alisa Freyndlikh; Aleksandr Kaydanovskiy; Anatoliy Solonitsyn ,8.2,106.415
Kill Bill: Vol. 1,2003, 1h 51min,Action;Crime;Thriller,Quentin Tarantino ,Quentin Tarantino; Quentin Tarantino  (as Q),Uma Thurman; David Carradine; Daryl Hannah ,8.1,954.481
Gran Torino,2008, 1h 56min,Drama,Clint Eastwood ,Nick Schenk ; Dave Johannson (story),Clint Eastwood; Bee Vang; Christopher Carley ,8.1,694.258
The Truman Show,1998, 1h 43min,Comedy;Drama;Sci-Fi,Peter Weir ,ndrew Niccol ,Jim Carrey; Ed Harris; Laura Linney ,8.1,882.769
The Deer Hunter,1978, 3h 3min,Drama;War,Michael Cimino ,Michael Cimino ; Deric Washburn ,Robert De Niro; Christopher Walken; John Cazale ,8.1,297.025
Tôkyô monogatari,1953, 2h 16min,Drama,Yasujirô Ozu ,Kôgo Noda ; Yasujirô Ozu  ,Chishû Ryû; Chieko Higashiyama; Sô Yamamura ,8.2,47.636
Salinui chueok,2003, 2h 11min,Action;Crime;Drama,Bong Joon Ho ,Bong Joon Ho; Kwang-rim Kim ,Kang-ho Song; Sang-kyung Kim; Roe-ha Kim ,8.1,118.447
Relatos salvajes,2014, 2h 2min,Comedy;Drama;Thriller,Damián Szifron ,Germán Servidio ; Damián Szifron ,Darío Grandinetti; María Marull; Mónica Villa ,8.1,162.832
Eskiya,1996, 2h 8min,Crime;Drama;Thriller,Yavuz Turgul ,avuz Turgul ,Sener Sen; Ugur Yücel; Sermin Hürmeriç ,8.3,59.400
Andhadhun,2018, 2h 19min,Crime;Thriller,Sriram Raghavan ,Arijit Biswas; Yogesh Chandekar ,Ayushmann Khurrana; Tabu; Radhika Apte ,8.3,58.057
The Big Lebowski,1998, 1h 57min,Comedy;Crime;Sport,"
Joel Coen; Ethan Coen (uncredited)    ",Ethan Coen; Joel Coen ,Jeff Bridges; John Goodman; Julianne Moore ,8.1,694.505
Mary and Max,2009, 1h 32min,Animation;Comedy;Drama,Adam Elliot ,dam Elliot ,Toni Collette; Philip Seymour Hoffman; Eric Bana ,8.1,157.352
Klaus,2019, 1h 36min,Animation;Adventure;Comedy,"
Sergio Pablos; Carlos Martínez López (co-director)    ",Sergio Pablos ; Sergio Pablos (screenplay by),Jason Schwartzman; J.K. Simmons; Rashida Jones ,8.2,63.815
In the Name of the Father,1993, 2h 13min,Biography;Drama,Jim Sheridan ,Gerry Conlon ; Terry George ,Daniel Day-Lewis; Pete Postlethwaite; Alison Crosbie ,8.1,148.275
Gone Girl,2014, 2h 29min,Drama;Mystery;Thriller,David Fincher ,Gillian Flynn ; Gillian Flynn (novel) ,Ben Affleck; Rosamund Pike; Neil Patrick Harris ,8.1,807.214
Hacksaw Ridge,2016, 2h 19min,Biography;Drama;History,Mel Gibson ,Robert Schenkkan ; Andrew Knight  ,Andrew Garfield; Sam Worthington; Luke Bracey ,8.1,400.678
Le Mans '66,2019, 2h 32min,Action;Biography;Drama,James Mangold ,Jez Butterworth; John-Henry Butterworth ,Matt Damon; Christian Bale; Jon Bernthal ,8.1,189.249
The Grand Budapest Hotel,2014, 1h 39min,Adventure;Comedy;Crime,Wes Anderson ,Stefan Zweig ; Wes Anderson ,Ralph Fiennes; F. Murray Abraham; Mathieu Amalric ,8.1,668.426
Mr. Smith Goes to Washington,1939, 2h 9min,Comedy;Drama,Frank Capra ,Sidney Buchman ; Lewis R. Foster (story) ,James Stewart; Jean Arthur; Claude Rains ,8.1,102.112
The General,1926, 1h 7min,Action;Adventure;Comedy,"
Clyde Bruckman; Buster Keaton ",Buster Keaton; Clyde Bruckman ,Buster Keaton; Marion Mack; Glen Cavender ,8.1,75.902
How to Train Your Dragon,2010, 1h 38min,Animation;Action;Adventure,"
Dean DeBlois; Chris Sanders ",William Davies  (as Will Davies); Dean DeBlois ,Jay Baruchel; Gerard Butler; Christopher Mintz-Plasse ,8.1,638.080
Before Sunrise,1995, 1h 41min,Drama;Romance,Richard Linklater ,Richard Linklater; Kim Krizan ,Ethan Hawke; Julie Delpy; Andrea Eckert ,8.1,252.580
Persona,1966, 1h 25min,Drama;Thriller,Ingmar Bergman ,ngmar Bergman  ,Bibi Andersson; Liv Ullmann; Margaretha Krook ,8.1,93.913
Catch Me If You Can,2002, 2h 21min,Biography;Crime;Drama,Steven Spielberg ,Jeff Nathanson ; Frank Abagnale Jr. (book) (as Frank W. Abagnale),Leonardo DiCaprio; Tom Hanks; Christopher Walken ,8.1,771.563
Sherlock Jr.,1924, 45min  ,Action;Comedy;Romance,Buster Keaton ,Jean C. Havez  (as Jean Havez); Joseph A. Mitchell  (as Joe Mitchell),Buster Keaton; Kathryn McGuire; Joe Keaton ,8.2,37.022
Prisoners,2013, 2h 33min,Crime;Drama;Mystery,Denis Villeneuve ,aron Guzikowski ,Hugh Jackman; Jake Gyllenhaal; Viola Davis ,8.1,561.049
12 Years a Slave,2013, 2h 14min,Biography;Drama;History,Steve McQueen ,"John Ridley ; Solomon Northup (based on ""Twelve Years a Slave"" by) ",Chiwetel Ejiofor; Michael Kenneth Williams; Michael Fassbender ,8.1,607.761
Cool Hand Luke,1967, 2h 7min,Crime;Drama,Stuart Rosenberg ,Donn Pearce ; Frank Pierson  (as Frank R. Pierson),Paul Newman; George Kennedy; Strother Martin ,8.1,154.887
Le salaire de la peur,1953, 2h 11min,Adventure;Drama;Thriller,Henri-Georges Clouzot ,Georges Arnaud ; Henri-Georges Clouzot (adaptation) (as H.G. Clouzot),Yves Montand; Charles Vanel; Peter van Eyck ,8.1,51.050
Mad Max: Fury Road,2015, 2h     ,Action;Adventure;Sci-Fi,George Miller ,George Miller; Brendan McCarthy ,Tom Hardy; Charlize Theron; Nicholas Hoult ,8.1,828.654
Stand by Me,1986, 1h 29min,Adventure;Drama,Rob Reiner ,Stephen King ; Raynold Gideon ,Wil Wheaton; River Phoenix; Corey Feldman ,8.1,347.500
Network,1976, 2h 1min,Drama,Sidney Lumet ,addy Chayefsky ,Faye Dunaway; William Holden; Peter Finch ,8.1,137.994
Into the Wild,2007, 2h 28min,Adventure;Biography;Drama,Sean Penn ,Sean Penn ; Jon Krakauer (book) ,Emile Hirsch; Vince Vaughn; Catherine Keener ,8.1,545.970
Barry Lyndon,1975, 3h 5min,Adventure;Drama;History,Stanley Kubrick ,Stanley Kubrick ; William Makepeace Thackeray (novel) ,Ryan O'Neal; Marisa Berenson; Patrick Magee ,8.1,140.274
Monty Python's Life of Brian,1979, 1h 34min,Comedy,Terry Jones ,Graham Chapman; John Cleese ,Graham Chapman; John Cleese; Michael Palin ,8.1,350.847
Million Dollar Baby,2004, 2h 12min,Drama;Sport,Clint Eastwood ,Paul Haggis ; F.X. Toole (stories) ,Hilary Swank; Clint Eastwood; Morgan Freeman ,8.1,609.685
Platoon,1986, 2h     ,Drama;War,Oliver Stone ,liver Stone ,Charlie Sheen; Tom Berenger; Willem Dafoe ,8.1,365.948
Hachi,2009, 1h 33min,Drama;Family,Lasse Hallström ,"Stephen P. Lindsey ; Kaneto Shindô (motion picture ""Hachiko monogatari"") ",Richard Gere; Joan Allen; Cary-Hiroyuki Tagawa ,8.1,237.774
Ben Hur,1959, 3h 32min,Adventure;Drama;History,William Wyler ,Lew Wallace  (as General Lew Wallace); Karl Tunberg  ,Charlton Heston; Jack Hawkins; Stephen Boyd ,8.1,209.758
Rush,2013, 2h 3min,Biography;Drama;Sport,Ron Howard ,eter Morgan ,Daniel Brühl; Chris Hemsworth; Olivia Wilde ,8.1,412.282
La passion de Jeanne d'Arc,1928, 1h 50min,Biography;Drama;History,Carl Theodor Dreyer (as Carl Th. Dreyer)    ,Joseph Delteil; Carl Theodor Dreyer ,Maria Falconetti; Eugene Silvain; André Berley ,8.1,43.694
Logan,2017, 2h 17min,Action;Drama;Sci-Fi,James Mangold ,James Mangold ; Scott Frank (screenplay by),Hugh Jackman; Patrick Stewart; Dafne Keen ,8.1,607.111
Andrei Rublev,1966, 3h 25min,Biography;Drama;History,Andrei Tarkovsky (as Andrey Tarkovskiy)    ,Andrey Konchalovskiy ; Andrei Tarkovsky (as Andrey Tarkovskiy) ,Anatoliy Solonitsyn; Ivan Lapikov; Nikolay Grinko ,8.2,42.552
Harry Potter and the Deathly Hallows: Part 2,2011, 2h 10min,Adventure;Drama;Fantasy,David Yates ,Steve Kloves ; J.K. Rowling (novel) ,Daniel Radcliffe; Emma Watson; Rupert Grint ,8.1,724.769
Dead Poets Society,1989, 2h 8min,Comedy;Drama,Peter Weir ,om Schulman ,Robin Williams; Robert Sean Leonard; Ethan Hawke ,8.1,396.582
Les quatre cents coups,1959, 1h 39min,Crime;Drama,François Truffaut ,François Truffaut ; Marcel Moussy (adaptation) (as M. Moussy),Jean-Pierre Léaud; Albert Rémy; Claire Maurier ,8.1,97.858
Rang De Basanti,2006, 2h 47min,Comedy;Drama,Rakeysh Omprakash Mehra (as Rakesh Omprakash Mehra)    ,Renzil D'Silva ; Prasoon Joshi (dialogue),Aamir Khan; Soha Ali Khan; Siddharth ,8.2,105.344
Amores perros,2000, 2h 34min,Drama;Thriller,Alejandro G. Iñárritu (as Alejandro González Iñárritu)    ,uillermo Arriaga  ,Emilio Echevarría; Gael García Bernal; Goya Toledo ,8.1,214.333
Hotel Rwanda,2004, 2h 1min,Biography;Drama;History,Terry George ,Keir Pearson; Terry George ,Don Cheadle; Sophie Okonedo; Joaquin Phoenix ,8.1,323.590
Kaze no tani no Naushika,1984, 1h 57min,Animation;Adventure;Fantasy,Hayao Miyazaki ,Hayao Miyazaki ; Hayao Miyazaki (screenplay by),Sumi Shimamoto; Mahito Tsujimura; Hisako Kyôda ,8.1,137.700
Spotlight,2015, 2h 9min,Biography;Crime;Drama,Tom McCarthy ,Josh Singer; Tom McCarthy ,Mark Ruffalo; Michael Keaton; Rachel McAdams ,8.1,392.040
Ah-ga-ssi,2016, 2h 25min,Drama;Romance;Thriller,Chan-wook Park ,Sarah Waters ; Seo-kyeong Jeong ,Min-hee Kim; Jung-woo Ha; Jin-woong Cho ,8.1,95.325
Portrait de la jeune fille en feu,2019, 2h 2min,Drama;Romance,Céline Sciamma ,éline Sciamma  ,Noémie Merlant; Adèle Haenel; Luàna Bajrami ,8.2,27.941
Rebecca,1940, 2h 10min,Drama;Mystery;Romance,Alfred Hitchcock ,Daphne Du Maurier ; Robert E. Sherwood (screen play),Laurence Olivier; Joan Fontaine; George Sanders ,8.1,115.945
Rocky,1976, 2h     ,Drama;Sport,John G. Avildsen ,ylvester Stallone ,Sylvester Stallone; Talia Shire; Burt Young ,8.1,494.907
"Monsters, Inc.",2001, 1h 32min,Animation;Adventure;Comedy,"
Pete Docter; David Silverman (co-director)            |
1 more credit »
    ",Pete Docter ; Jill Culton ,Billy Crystal; John Goodman; Mary Gibbs ,8.0,778.017
La haine,1995, 1h 38min,Crime;Drama,Mathieu Kassovitz ,athieu Kassovitz ,Vincent Cassel; Hubert Koundé; Saïd Taghmaoui ,8.1,138.724
Het gebeurde op 'n avond,1934, 1h 45min,Comedy;Romance,Frank Capra ,Robert Riskin ; Samuel Hopkins Adams (based on the short story by) ,Clark Gable; Claudette Colbert; Walter Connolly ,8.1,88.749
Ace in the Hole,1951, 1h 51min,Drama;Film-Noir,Billy Wilder ,Billy Wilder; Lesser Samuels ,Kirk Douglas; Jan Sterling; Robert Arthur ,8.1,28.467
Faa yeung nin wa,2000, 1h 38min,Drama;Romance,Kar-Wai Wong (as Kar Wai Wong)    ,ar-Wai Wong  ,Tony Chiu-Wai Leung; Maggie Cheung; Ping Lam Siu ,8.1,114.056
The Princess Bride,1987, 1h 38min,Adventure;Family;Fantasy,Rob Reiner ,William Goldman ; William Goldman (based upon his book) ,Cary Elwes; Mandy Patinkin; Robin Wright ,8.1,375.409
Before Sunset,2004, 1h 20min,Drama;Romance,Richard Linklater ,Richard Linklater ; Julie Delpy ,Ethan Hawke; Julie Delpy; Vernon Dobtcheff ,8.0,220.593
The Red Shoes,1948, 2h 15min,Drama;Music;Romance,"
Michael Powell; Emeric Pressburger ",Hans Christian Andersen ; Emeric Pressburger (original screenplay),Anton Walbrook; Marius Goring; Moira Shearer ,8.1,28.292
Gangs of Wasseypur,2012, 5h 21min,Action;Comedy;Crime,Anurag Kashyap ,Akhilesh Jaiswal; Anurag Kashyap ,Manoj Bajpayee; Richa Chadha; Nawazuddin Siddiqui ,8.2,74.065
The Help,2011, 2h 26min,Drama,Tate Taylor ,Tate Taylor ; Kathryn Stockett (novel) ,Emma Stone; Viola Davis; Octavia Spencer ,8.1,407.978
"Paris, Texas",1984, 2h 25min,Drama,Wim Wenders ,L.M. Kit Carson ; Sam Shepard ,Harry Dean Stanton; Nastassja Kinski; Dean Stockwell ,8.1,81.423
Lagaan: Once Upon a Time in India,2001, 3h 44min,Adventure;Drama;Musical,Ashutosh Gowariker ,Ashutosh Gowariker ; Ashutosh Gowariker ,Aamir Khan; Raghuvir Yadav; Gracy Singh ,8.1,98.661
De uitroeier,1984, 1h 47min,Action;Sci-Fi,James Cameron ,James Cameron; Gale Anne Hurd ,Arnold Schwarzenegger; Linda Hamilton; Michael Biehn ,8.0,768.127
Contratiempo,2016, 1h 46min,Crime;Mystery;Thriller,Oriol Paulo ,riol Paulo ,Mario Casas; Ana Wagener; Jose Coronado ,8.1,108.987
Butch Cassidy and the Sundance Kid,1969, 1h 50min,Biography;Crime;Drama,George Roy Hill ,illiam Goldman ,Paul Newman; Robert Redford; Katharine Ross ,8.0,195.335
Akira,1988, 2h 4min,Animation;Drama;Sci-Fi,Katsuhiro Ôtomo ,Katsuhiro Ôtomo ; Izô Hashimoto ,Mitsuo Iwata; Nozomu Sasaki; Mami Koyama ,8.0,153.272
Drishyam,2015, 2h 43min,Crime;Drama;Mystery,Nishikant Kamat ,Jeethu Joseph ; Upendra Sidhaye (adapted by) ,Ajay Devgn; Shriya Saran; Tabu ,8.2,61.055
PK,2014, 2h 33min,Comedy;Drama;Fantasy,Rajkumar Hirani ,Rajkumar Hirani; Abhijat Joshi ,Aamir Khan; Anushka Sharma; Sanjay Dutt ,8.1,149.672
Aladdin,1992, 1h 30min,Animation;Adventure;Comedy,"
Ron Clements; John Musker ",Ron Clements ; John Musker ,Scott Weinger; Robin Williams; Linda Larkin ,8.0,351.658
White Heat,1949, 1h 54min,Action;Crime;Drama,Raoul Walsh ,Ivan Goff ; Ben Roberts ,James Cagney; Virginia Mayo; Edmond O'Brien ,8.1,27.932
Kumonosu-jô,1957, 1h 50min,Drama;History,Akira Kurosawa ,Hideo Oguni ; Shinobu Hashimoto ,Toshirô Mifune; Minoru Chiaki; Isuzu Yamada ,8.1,42.410
Das Cabinet des Dr. Caligari,1920, 1h 16min,Fantasy;Horror;Mystery,Robert Wiene ,Carl Mayer; Hans Janowitz ,Werner Krauss; Conrad Veidt; Friedrich Feher ,8.1,53.610
